3002,icourse163.org
3003,alphacoders.com
3004,campograndenews.com.br
3005,gumtree.pl
3006,fitbit.com
3007,aftership.com
3008,ebaydesc.com
3009,starbucks.com
3010,aviasales.ru
3011,gigya.com
3012,x-minus.me
3013,addtoany.com
3014,f95zone.com
3015,olx.pt
3016,bancsabadell.com
3017,worldoftanks.eu
3018,crazygames.com
3019,csfd.cz
3020,worldcat.org
3021,sh.st
3022,mindbodyonline.com
3023,jumia.com.eg
3024,kun.uz
3025,aglasem.com
3026,6pm.com
3027,vidads.in
3028,trafficfactory.biz
3029,scroll.in
3030,marinetraffic.com
3031,life.ru
3032,klikdokter.com
3033,traveloka.com
3034,tunein.com
3035,barstoolsports.com
3036,scopus.com
3037,toyokeizai.net
3038,vetogate.com
3039,google.cm
3040,fextralife.com
3041,tamu.edu
3042,texas.gov
3043,kuronekoyamato.co.jp
3044,prensalibre.com
3045,business.site
3046,google.ee
3047,dl.free.fr
3048,gfan.com
3049,bazos.sk
3050,complex.com
3051,allbest.ru
3052,timewarnercable.com
3053,kantipurdaily.com
3054,russia.tv
3055,lazada.vn
3056,aljazeera.net
3057,suntrust.com
3058,taqviyat.com
3059,xataka.com
3060,iwara.tv
3061,indihome.co.id
3062,infoseek.co.jp
3063,gemius.com
3064,pornosveta.com
3065,thechive.com
3066,zdnet.com
3067,getaccss.com
3068,baomoi.com
3069,www.nhs.uk
3070,dfpan.com
3071,cheapoair.com
3072,plos.org
3073,24smi.org
3074,freepik.es
3075,akacdn.ru
3076,jabong.com
3077,9anime.to
3078,getcourse.ru
3079,dyson.tmall.com
3080,plarium.com
3081,programiz.com
3082,doordash.com
3083,cyberleninka.ru
3084,1001fonts.com
3085,jcpenney.com
3086,lnk.to
3087,wa.gov
3088,skidrowreloaded.com
3089,senado.leg.br
3090,speed-open2.com
3091,chewy.com
3092,gazzetta.gr
3093,bigcommerce.com
3094,dm5.com
3095,ew.com
3096,abadis.ir
3097,e-katalog.ru
3098,yemek.com
3099,bluewin.ch
3100,canadapost.ca
3101,windy.com
3102,bioskopkeren.xyz
3103,hackerrank.com
3104,tinylink.run
3105,channel4.com
3106,tparser.org
3107,avmoo.net
3108,tiktok.com
3109,ss.com
3110,adyieldoptimizer.com
3111,virginmedia.com
3112,netacad.com
3113,bostonglobe.com
3114,ewaybillgst.gov.in
3115,inbox.lv
3116,appfolio.com
3117,dugtor.org
3118,pagesix.com
3119,aemet.es
3120,picmonkey.com
3121,one.com
3122,delfi.lt
3123,sarzamindownload.com
3124,tutu.ru
3125,pluralsight.com
3126,pornxs.com
3127,gamerant.com
3128,waveapps.com
3129,sarsefiling.co.za
3130,vipergirls.to
3131,casasbahia.com.br
3132,vazhno.ru
3133,tpsl-india.in
3134,rzd.ru
3135,torob.com
3136,stripe.com
3137,archive.is
3138,ssisurveys.com
3139,abplive.in
3140,proxysite.com
3141,nanzhuang.tmall.com
3142,webassign.net
3143,2ch.hk
3144,infowars.com
3145,amadeus.com
3146,ratemyprofessors.com
3147,gruposantander.es
3148,modiseh.com
3149,streamcomplet.me
3150,fragrantica.com
3151,barnesandnoble.com
3152,juegos.com
3153,matchesfashion.com
3154,sopawfect.com
3155,bpi.ir
3156,rs-online.com
3157,vov.vn
3158,biomedcentral.com
3159,korzik.net
3160,ksu.edu.sa
3161,korrespondent.net
3162,moviesearchcenter.com
3163,fairwhale.tmall.com
3164,oclasrv.com
3165,letras.com
3166,cracked.com
3167,shopclues.com
3168,e621.net
3169,futhead.com
3170,carsforsale.com
3171,ip138.com
3172,riafan.ru
3173,google.ge
3174,cimbclicks.com.my
3175,yonhapnews.co.kr
3176,10010.com
3177,fakaza.com
3178,google.com.bd
3179,hinet.net
3180,todoist.com
3181,fstsrv.com
3182,rarbgmirror.org
3183,topshop.tmall.com
3184,mixcloud.com
3185,mydigit.cn
3186,pearson.com
3187,akurat.co
3188,iha.com.tr
3189,protonmail.com
3190,nessma.tv
3191,sarkariexam.com
3192,utah.edu
3193,usp.br
3194,subhd.com
3195,aljazeera.com
3196,zirijasa.ru
3197,swiggy.com
3198,inss.gov.br
3199,digiato.com
3200,kadu.ru
3201,ssg.com
3202,mapquest.com
3203,westpac.com.au
3204,pornohype.net
3205,vijesti.ba
3206,jkforum.net
3207,gosunoob.com
3208,fortune.com
3209,thisvid.com
3210,rackspace.com
3211,tinhte.vn
3212,xn--i1abbnckbmcl9fb.xn--p1ai
3213,usda.gov
3214,samsclub.com
3215,peakexc.com
3216,cafe24.com
3217,tvn24.pl
3218,news24.com
3219,bankia.es
3220,redhat.com
3221,downloadhelper.net
3222,pinterest.com.au
3223,realcenter-mobileapps1.com
3224,shikimori.org
3225,pojoksatu.id
3226,gusuwang.com
3227,eslamoda.com
3228,smbc-card.com
3229,education.com
3230,tukif.com
3231,softbank.jp
3232,evite.com
3233,fucktonite.com
3234,google.com.np
3235,macworld.co.uk
3236,experts-exchange.com
3237,javtorrent.re
3238,adbtc.top
3239,readmanga.me
3240,jobkorea.co.kr
3241,nttdocomo.co.jp
3242,medianewpagesearch.com
3243,elkhabar.com
3244,ycombinator.com
3245,wikidot.com
3246,eltiempo.com
3247,manualslib.com
3248,siriusxm.com
3249,cleartax.in
3250,ethz.ch
3251,ezanga.com
3252,bedbathandbeyond.com
3253,convertio.co
3254,oraclecloud.com
3255,woshipm.com
3256,dotabuff.com
3257,epwk.com
3258,netshoes.com.br
3259,coolmathgames.com
3260,sendspace.com
3261,mydiv.net
3262,officedepot.com
3263,jpmorganchase.com
3264,pcbaby.com.cn
3265,infox.sg
3266,popmyads.com
3267,abc.go.com
3268,collabserv.com
3269,it.tmall.com
3270,cnki.com.cn
3271,hgtv.com
3272,redflagdeals.com
3273,myreadingmanga.info
3274,santander.com.br
3275,szn.cz
3276,ford.com
3277,sueddeutsche.de
3278,dexchangeinc.com
3279,zalando.de
3280,imgflip.com
3281,siemens.com
3282,agar.io
3283,vix.com
3284,classdojo.com
3285,cyberforum.ru
3286,beinsports.com
3287,extratorrent.ag
3288,soompi.com
3289,solvusoft.com
3290,allkpop.com
3291,bigmir.net
3292,nasdaq.com
3293,techwalla.com
3294,a9vg.com
3295,net-a-porter.com
3296,comdirect.de
3297,delfi.lv
3298,1plus1tv.ru
3299,givemp3.com
3300,ssa.gov
3301,kurir.rs
3302,myfood.ltd
3303,instant-gaming.com
3304,cifnews.com
3305,18183.com
3306,aptitude-media.io
3307,userscloud.com
3308,kensaq.com
3309,mihanblog.com
3310,google.com.cy
3311,sharefile.com
3312,irna.ir
3313,xsrv.jp
3314,gujarat.gov.in
3315,qatarliving.com
3316,qcloud.com
3317,getlnk6.com
3318,3movs.com
3319,lonelyplanet.com
3320,avira.com
3321,stuff.co.nz
3322,xitek.com
3323,aranzulla.it
3324,alarabiya.net
3325,freenet.de
3326,linternaute.com
3327,firstpost.com
3328,repelis.live
3329,pcstore.com.tw
3330,drugs.com
3331,signupgenius.com
3332,nsaem.net
3333,louisvuitton.com
3334,looksmartppc.com
3335,blackdoctor.org
3336,eurobank.gr
3337,smarter.com
3338,baby.tmall.com
3339,258.com
3340,carousell.com
3341,blogos.com
3342,cutestat.com
3343,urfs.tmall.com
3344,presslogic.com
3345,yahoo.com.tw
3346,mercadolibre.cl
3347,akhbarona.com
3348,jutarnji.hr
3349,grailed.com
3350,marcaapuestas.es
3351,musixmatch.com
3352,receitasdedoces.info
3353,vivino.com
3354,ncsu.edu
3355,mango.com
3356,mathsisfun.com
3357,taroot-rangi.com
3358,ems.com.cn
3359,mangadex.org
3360,bbb.org
3361,shatel.ir
3362,linuxmint.com
3363,acesso.uol.com.br
3364,bangbros.com
3365,bulbagarden.net
3366,cainiao.com
3367,ucf.edu
3368,alquds.co.uk
3369,keezmovies.com
3370,iastate.edu
3371,planetromeo.com
3372,lastampa.it
3373,xmtrading.com
3374,instiz.net
3375,relativelyinteresting.com
3376,netgear.com
3377,beatport.com
3378,mdpi.com
3379,bloombergquint.com
3380,jst.go.jp
3381,extremetube.com
3382,pajak.go.id
3383,bochk.com
3384,here.com
3385,theringer.com
3386,todayhumor.co.kr
3387,cleartrip.com
3388,dnvod.tv
3389,maximonline.ru
3390,wunderlist.com
3391,mediawhirl.net
3392,bestbuy.ca
3393,jotform.com
3394,icbc.com.cn
3395,indeed.co.in
3396,bobaedream.co.kr
3397,auspost.com.au
3398,guru99.com
3399,prpops.com
3400,craigslist.ca
3401,10086.cn
3402,uploadboy.com
3403,iconfinder.com
3404,publinews.gt
3405,vrbo.com
3406,manmanbuy.com
3407,dingtalk.com
3408,tmall.hk
3409,capterra.com
3410,empflix.com
3411,activehosted.com
3412,clicrbs.com.br
3413,tdameritrade.com
3414,datacamp.com
3415,adda247.com
3416,masrawy.com
3417,699pic.com
3418,renweb.com
3419,git-scm.com
3420,mentalfloss.com
3421,ntv.com.tr
3422,eurosport.ru
3423,balkanweb.com
3424,8maple.ru
3425,lastpass.com
3426,freecodecamp.org
3427,chetor.com
3428,ulta.com
3429,hola.org
3430,elle.com
3431,gl5.ru
3432,hbr.org
3433,iop.org
3434,zimbra.free.fr
3435,asiatech.ir
3436,gocoo.co
3437,mebook.cc
3438,probiller.com
3439,centrum24.pl
3440,pitt.edu
3441,qrlsx.com
3442,strawpoll.me
3443,kuaidi100.com
3444,porndroids.com
3445,pinterest.it
3446,baiducontent.com
3447,bd24live.com
3448,parsfootball.com
3449,spectrum.com
3450,docomo.ne.jp
3451,watanserb.com
3452,computerhope.com
3453,topporno.tv
3454,futurenet.club
3455,tupaki.com
3456,photobucket.com
3457,fontsquirrel.com
3458,dnb.no
3459,torrentfreak.com
3460,funnyjunk.com
3461,forocoches.com
3462,52pk.com
3463,aritzal.com
3464,on.cc
3465,gamepress.gg
3466,fromdoctopdf.com
3467,cifraclub.com.br
3468,bitcointalk.org
3469,qoo10.sg
3470,pozdravok.ru
3471,filelist.ro
3472,mightytext.net
3473,auth0.com
3474,earthmusic.tmall.com
3475,pagseguro.uol.com.br
3476,elegantthemes.com
3477,cpic.com.cn
3478,merrjep.com
3479,monsterindia.com
3480,hdfilmcehennemi2.org
3481,telangana.gov.in
3482,suumo.jp
3483,oberlo.com
3484,magazineluiza.com.br
3485,mtvp05j.com
3486,telekom.de
3487,etajakhabar.com
3488,autozone.com
3489,shareasale.com
3490,granbluefantasy.jp
3491,staseraintv.com
3492,streamcloud.eu
3493,tiki.vn
3494,shopee.ph
3495,gaitheed.com
3496,naviance.com
3497,tamilgun.rocks
3498,ncore.cc
3499,vfsglobal.com
3500,cna.com.tw
3501,autotrader.co.uk
